subreddit,post_number,log10_post_number,top_200
AskReddit,5571401,6.745964417806027,Top 200
AmItheAsshole,2024229,6.306259642461529,Top 200
teenagers,1605927,6.2057257998357285,Top 200
FreeKarma4You,1478127,6.169711750046405,Top 200
politics,1306853,6.116226739164886,Top 200
FreeKarma4U,1231753,6.090523628695564,Top 200
nba,1178247,6.071236342651827,Top 200
wallstreetbets,1132124,6.053893997140638,Top 200
worldnews,970934,5.987189709403378,Top 200
news,915507,5.9616616692819,Top 200
TrueFMK,827090,5.917552769983853,Top 200
PublicFreakout,824091,5.915975171182233,Top 200
Superstonk,819233,5.913407438052223,Top 200
memes,790218,5.897746918045554,Top 200
relationship_advice,754666,5.877754784144033,Top 200
antiwork,745780,5.872610732463068,Top 200
soccer,706433,5.8490709784845105,Top 200
facepalm,620063,5.792435817179482,Top 200
conspiracy,587776,5.769211849037785,Top 200
interestingasfuck,579303,5.762905777558391,Top 200
AskMen,571611,5.757100577699993,Top 200
Eldenring,565361,5.752325846479331,Top 200
SquaredCircle,558406,5.74695007607802,Top 200
KGBTR,541797,5.733836595959141,Top 200
CryptoCurrency,514399,5.7113001156414684,Top 200
gaming,505336,5.703580238361787,Top 200
mildlyinfuriating,502368,5.7010219677792335,Top 200
NoStupidQuestions,500877,5.699731089580471,Top 200
formula1,499632,5.698650245911798,Top 200
TooAfraidToAsk,489623,5.689861810564117,Top 200
PoliticalCompassMemes,480807,5.681970781871645,Top 200
shitposting,470932,5.672958201912764,Top 200
nextfuckinglevel,460512,5.663240951505466,Top 200
hockey,442235,5.645653111162977,Top 200
funny,440571,5.644015906899008,Top 200
neoliberal,422173,5.625490454632535,Top 200
MadeMeSmile,417495,5.620651278656957,Top 200
movies,411097,5.6139443075071815,Top 200
unpopularopinion,408914,5.611631979761142,Top 200
TrueOffMyChest,403947,5.606324387097013,Top 200
technology,401285,5.603452926145548,Top 200
Unexpected,393982,5.595476380507687,Top 200
WhitePeopleTwitter,370942,5.569306009213123,Top 200
nfl,370773,5.569108100936462,Top 200
Damnthatsinteresting,367761,5.56556567165886,Top 200
StarWars,363815,5.560880600947731,Top 200
ukraine,359502,5.555701310815,Top 200
pics,358956,5.555041217023105,Top 200
OnePiece,355537,5.550884803545878,Top 200
196,348425,5.542109308713704,Top 200
pcmasterrace,343759,5.536254077308633,Top 200
IdiotsInCars,333136,5.522621566814712,Top 200
gonewild,317027,5.50109625102428,Top 200
PokemonGoFriends,316475,5.5003394085370205,Top 200
PokemonGoRaids,313612,5.496392672105752,Top 200
baseball,307401,5.4877052759606535,Top 200
leagueoflegends,304657,5.483811161211342,Top 200
polls,303673,5.482406179892314,Top 200
Conservative,299841,5.476891017626033,Top 200
Tinder,296672,5.4722765593963185,Top 200
StrangerThings,288522,5.460178934005874,Top 200
jerkbudss,285543,5.455671518033846,Top 200
mildlyinteresting,283466,5.452500975405661,Top 200
HolUp,281946,5.450165937582821,Top 200
CrazyFuckingVideos,274405,5.438392020491806,Top 200
deadbydaylight,273370,5.436750852772652,Top 200
DestinyTheGame,272761,5.435782273991711,Top 200
Genshin_Impact,272264,5.434990220719537,Top 200
AskUK,267447,5.427237730700832,Top 200
FemBoys,264650,5.422671898327287,Top 200
canada,263714,5.421133186150483,Top 200
Philippines,260645,5.416049398193645,Top 200
europe,257352,5.410527547700191,Top 200
TheBoys,256695,5.409417409405538,Top 200
AskRedditAfterDark,255989,5.4082213038198965,Top 200
Christianity,255850,5.407985421308136,Top 200
GaySnapchat,254529,5.405737271240411,Top 200
DnD,252132,5.401627968808018,Top 200
todayilearned,251159,5.399948745228219,Top 200
Market76,250430,5.398686353508193,Top 200
lostarkgame,250184,5.398259531840611,Top 200
Showerthoughts,249900,5.39776625612645,Top 200
PoliticalHumor,248471,5.395275707858385,Top 200
TwoXChromosomes,242856,5.3853488376204695,Top 200
aww,242569,5.384835297811727,Top 200
marvelstudios,239054,5.3784960149776095,Top 200
oddlyterrifying,238949,5.378305217341054,Top 200
cats,236929,5.37461822141994,Top 200
anime,235904,5.372735304866942,Top 200
CasualUK,231383,5.36433144762608,Top 200
LoveIslandTV,227755,5.357467919996622,Top 200
FortNiteBR,227527,5.357032940576607,Top 200
television,226026,5.354158399355628,Top 200
Cricket,218760,5.339967914702601,Top 200
de,217127,5.336713831846466,Top 200
dirtyr4r,215720,5.3338904116161245,Top 200
therewasanattempt,215428,5.333302149543218,Top 200
dankmemes,214337,5.33109714775112,Top 200
needysluts,212285,5.32691930812089,Top 200
ThatsInsane,212190,5.32672491280211,Top 200
golf,211785,5.325895197282703,Top 200
ProgrammerHumor,209001,5.320148364070111,Top 200
kickopenthedoor,208529,5.319166460576813,Top 200
MMA,208293,5.318674675072779,Top 200
entertainment,207221,5.316433765175414,Top 200
NFTsMarketplace,205654,5.313137161017736,Top 200
barstoolsports,205163,5.312099040919744,Top 200
ireland,204150,5.309949384259016,Top 200
france,204093,5.309828109500456,Top 200
JusticeForJohnnyDepp,202725,5.306907309090425,Top 200
meirl,201078,5.303364556915678,Top 200
ukpolitics,199803,5.300602004779175,Top 200
NYYankees,199262,5.299424485033543,Top 200
chubby,199257,5.299413587322721,Top 200
CFB,199166,5.299215201192701,Top 200
Minecraft,199152,5.29918467220456,Top 200
PrequelMemes,199042,5.298944726880299,Top 200
JoeRogan,198201,5.297105841336877,Top 200
Advice,198143,5.296978734176783,Top 200
apexlegends,197458,5.295474733846038,Top 200
AbruptChaos,191636,5.2824770972933015,Top 200
amcstock,189344,5.277251547596918,Top 200
iamatotalpieceofshit,187321,5.272586467566815,Top 200
nottheonion,185537,5.268430530088451,Top 200
OldSchoolCool,183669,5.264035861449841,Top 200
SluttyConfessions,182000,5.260071387985075,Top 200
tennis,179990,5.255248376961857,Top 200
science,179694,5.2545335762164065,Top 200
sex,178989,5.252826341672107,Top 200
ufc,178314,5.251185442356821,Top 200
TerrifyingAsFuck,178226,5.250971060154636,Top 200
personalfinance,177501,5.249200804113697,Top 200
DiabloImmortal,177063,5.248127818250305,Top 200
MassiveCock,176920,5.247776930697566,Top 200
WTF,175619,5.244571499888849,Top 200
redscarepod,175088,5.24325638187802,Top 200
onlyfansgirls101,174634,5.242128801654045,Top 200
argentina,174549,5.241917365062395,Top 200
2007scape,173391,5.239026551319106,Top 200
greentext,171575,5.234454007562709,Top 200
bostonceltics,171478,5.234208409559676,Top 200
Bitcoin,170361,5.231370180669187,Top 200
warriors,170034,5.230535771589923,Top 200
hungary,169921,5.230247055270042,Top 200
selfie,169617,5.229469377615247,Top 200
pokemon,167917,5.225094666551689,Top 200
PurplePillDebate,166122,5.220427151090232,Top 200
AskMiddleEast,165860,5.219741661046302,Top 200
terriblefacebookmemes,165797,5.219576667980038,Top 200
unitedkingdom,165104,5.217757595109457,Top 200
GachaClubPOV,164478,5.216107816464959,Top 200
SteamDeck,163588,5.213751442825988,Top 200
GunAccessoriesForSale,163450,5.2133849249163875,Top 200
UkrainianConflict,163052,5.2123261302418635,Top 200
tifu,162329,5.210396113263717,Top 200
horny,161123,5.20715753955088,Top 200
Gunners,160627,5.205818548199455,Top 200
cursedcomments,160014,5.2041579817606545,Top 200
weed,160011,5.204149839375242,Top 200
chile,159917,5.2038946339385594,Top 200
AskWomen,159916,5.203891918180761,Top 200
fuckcars,159576,5.202967574662996,Top 200
economy,158876,5.201058297114323,Top 200
relationships,158788,5.200817678628218,Top 200
dating_advice,158367,5.199664689810309,Top 200
Warthunder,157377,5.196941262311754,Top 200
Games,156842,5.195462371650522,Top 200
IWantToBeHerHentai2,155603,5.192017965859878,Top 200
Chiraqology,155189,5.190860934650227,Top 200
trashy,153555,5.18626396234246,Top 200
videos,151424,5.180194714275799,Top 200
MapPorn,150749,5.178254439910548,Top 200
Music,150149,5.176522444121226,Top 200
Genshin_Impact_Leaks,149093,5.173457253562059,Top 200
Romania,148827,5.172681727495436,Top 200
NintendoSwitch,147477,5.168724294538246,Top 200
buildapc,147204,5.167919611321623,Top 200
starcitizen,146737,5.1665396357912,Top 200
ffxiv,145977,5.164284434140921,Top 200
FragReddit,145797,5.163748587789569,Top 200
australia,145694,5.1634416669343945,Top 200
oddlysatisfying,145642,5.163286634166052,Top 200
FreeCompliments,145381,5.162507651816433,Top 200
KUWTK,145294,5.162247680225798,Top 200
pcgaming,144927,5.161149302370189,Top 200
brasil,144863,5.160957474858586,Top 200
changemyview,144731,5.1605615628191,Top 200
RoastMe,144652,5.160324442705461,Top 200
AskAnAmerican,143880,5.158000429146473,Top 200
CombatFootage,142578,5.154052518393132,Top 200
BeyondTheFog,138382,5.1410796030609935,Top 200
NonCredibleDefense,137997,5.139869645114224,Top 200
Whatcouldgowrong,137957,5.139743741670912,Top 200
pussy,136951,5.136565207768486,Top 200
HistoryMemes,136641,5.135581031717973,Top 200
cock,136539,5.135256717791532,Top 200
SubSimGPT2Interactive,136229,5.134269568658536,Top 200
LifeProTips,136102,5.1338645071473605,Top 200
IndianTeenagers,135840,5.133027672899877,Top 200
BestofRedditorUpdates,133195,5.124487922182883,Top 200
